{"generation": 9, "population": [[0.7877238476402341, 0.5223030173254282, 0.4172562154348203, 0.508842567832382, 0.41322326101996043, 0.10734117940523558, 0.4794225338737528, 0.08145465405975816, 0.4583057375024222, 0.17169295009669372, 0.38516529737270455, 0.058063607596751055], [0.915774574790591, 0.5223030173254282, 0.4172562154348203, 0.508842567832382, 0.41322326101996043, 0.10734117940523558, 0.4794225338737528, 0.08145465405975816, 0.4583057375024222, 0.17169295009669372, 0.38516529737270455, 0.2344451632228548], [0.915774574790591, 0.5223030173254282, 0.4172562154348203, 0.508842567832382, 0.41322326101996043, 0.10734117940523558, 0.4794225338737528, 0.08145465405975816, 0.4583057375024222, 0.17169295009669372, 0.38516529737270455, 0.058063607596751055], [0.891306719400963, 0.5223030173254282, 0.4172562154348203, 0.508842567832382, 0.41322326101996043, 0.10734117940523558, 0.4794225338737528, 0.08145465405975816, 0.4583057375024222, 0.17169295009669372, 0.38516529737270455, 0.055124999132551616], [0.915774574790591, 0.5223030173254282, 0.4172562154348203, 0.508842567832382, 0.41322326101996043, 0.10734117940523558, 0.4794225338737528, 0.08145465405975816, 0.4583057375024222, 0.17169295009669372, 0.38516529737270455, 0.058063607596751055], [0.915774574790591, 0.5223030173254282, 0.4172562154348203, 0.508842567832382, 0.41322326101996043, 0.10734117940523558, 0.4794225338737528, 0.08145465405975816, 0.4583057375024222, 0.17169295009669372, 0.38516529737270455, 0.058063607596751055], [0.915774574790591, 0.7328386308108609, 0.4172562154348203, 0.508842567832382, 0.41322326101996043, 0.10734117940523558, 0.4794225338737528, 0.08145465405975816, 0.4583057375024222, 0.17169295009669372, 0.38516529737270455, 0.058063607596751055], [0.915774574790591, 0.5223030173254282, 0.4172562154348203, 0.508842567832382, 0.41322326101996043, 0.10734117940523558, 0.4794225338737528, 0.08145465405975816, 0.4583057375024222, 0.17169295009669372, 0.38516529737270455, 0.058063607596751055], [0.7877238476402341, 0.5223030173254282, 0.4172562154348203, 0.508842567832382, 0.41322326101996043, 0.10734117940523558, 0.4794225338737528, 0.08145465405975816, 0.4583057375024222, 0.17169295009669372, 0.38516529737270455, 0.2344451632228548], [0.915774574790591, 0.5223030173254282, 0.4172562154348203, 0.508842567832382, 0.41322326101996043, 0.10734117940523558, 0.4794225338737528, 0.08145465405975816, 0.4583057375024222, 0.17169295009669372, 0.38516529737270455, 0.058063607596751055]], "scores": [1.0, 1.0, 1.0, 1.0, 1.0, 1.0, 1.0, 1.0, 1.0, 1.0]}