{"distance": 0.9, "goal_count": 0.08145465405975816, "connectivity": 0.1583057375024222, "dispersion": 0.07169295009669372, "mobility_diff": 0.08516529737270455, "jump_mobility": 0.5344451632228548}
