{"centrality": 0.22914114594459534, "double_jumps": 0.3586330711841583, "distance": 0.927653968334198, "mobility": 0.19292308390140533}