{"W_DIST": 0.5407427145011169, "W_MOB": 0.0991646030826547, "W_BORDER": 0.15972100987515706, "W_CENTRAL": 0.06442962061675561}