{"centrality": 0.11666989326477051, "double_jumps": 0.6264271140098572, "distance": 0.9893805980682373, "mobility": 0.3316606879234314}