{"centrality": 0.6508476138114929, "double_jumps": 0.3592146039009094, "distance": 0.9885481595993042, "mobility": 0.28656846284866333}