{"centrality": 0.09349139034748077, "double_jumps": 0.08574286103248596, "distance": 0.9127612113952637, "mobility": 0.03814251720905304}