{"W_DIST": 0.6257851796689168, "W_MOB": 0.09142207166213183, "W_BORDER": 0.17350391544450153, "W_CENTRAL": 0.06259944413331774}