{"W_DIST": 0.7672605142612323, "W_MOB": 0.1229701098290264, "W_BORDER": 0.13100515479654062, "W_CENTRAL": 0.15921531945980355}